Скъперникът,"Малък Градски Театър ""Зад Канала"":София",2018-02-01 19:00,http://www.eventim.bg/bg/bileti/malk-gradski-teatr-zad-kanala-sofi-malk-gradski-teatr-zad-kanala-227/events.html,http://bg.content.eventim.com/static/uploaded/bg/50yy_300_300.jpg
Балкански синдром,"Малък Градски Театър ""Зад Канала"":София",2018-02-02 19:00,http://www.eventim.bg/bg/bileti/malk-gradski-teatr-zad-kanala-sofi-malk-gradski-teatr-zad-kanala-227/events.html,http://bg.content.eventim.com/static/uploaded/bg/50yy_300_300.jpg
Шведска защита,"Малък Градски Театър ""Зад Канала"":София",2018-02-03 19:00,http://www.eventim.bg/bg/bileti/malk-gradski-teatr-zad-kanala-sofi-malk-gradski-teatr-zad-kanala-227/events.html,http://bg.content.eventim.com/static/uploaded/bg/50yy_300_300.jpg
Ритъм енд блус 1,"Малък Градски Театър ""Зад Канала"":София",2018-02-04 19:00,http://www.eventim.bg/bg/bileti/malk-gradski-teatr-zad-kanala-sofi-malk-gradski-teatr-zad-kanala-227/events.html,http://bg.content.eventim.com/static/uploaded/bg/50yy_300_300.jpg
Болница накрай света,"Малък Градски Театър ""Зад Канала"":София",2018-02-06 19:00,http://www.eventim.bg/bg/bileti/malk-gradski-teatr-zad-kanala-sofi-malk-gradski-teatr-zad-kanala-227/events.html,http://bg.content.eventim.com/static/uploaded/bg/50yy_300_300.jpg
Недоразбраната цивилизация,"Малък Градски Театър ""Зад Канала"":София",2018-02-07 19:00,http://www.eventim.bg/bg/bileti/malk-gradski-teatr-zad-kanala-sofi-malk-gradski-teatr-zad-kanala-227/events.html,http://bg.content.eventim.com/static/uploaded/bg/50yy_300_300.jpg
Пияните,"Малък Градски Театър ""Зад Канала"":София",2018-02-08 19:00,http://www.eventim.bg/bg/bileti/malk-gradski-teatr-zad-kanala-sofi-malk-gradski-teatr-zad-kanala-227/events.html,http://bg.content.eventim.com/static/uploaded/bg/50yy_300_300.jpg
Апартаментът,"Малък Градски Театър ""Зад Канала"":София",2018-02-09 19:00,http://www.eventim.bg/bg/bileti/malk-gradski-teatr-zad-kanala-sofi-malk-gradski-teatr-zad-kanala-227/events.html,http://bg.content.eventim.com/static/uploaded/bg/50yy_300_300.jpg
Бел Ами,"Малък Градски Театър ""Зад Канала"":София",2018-02-10 19:00,http://www.eventim.bg/bg/bileti/malk-gradski-teatr-zad-kanala-sofi-malk-gradski-teatr-zad-kanala-227/events.html,http://bg.content.eventim.com/static/uploaded/bg/50yy_300_300.jpg
Лодка в гората,"Малък Градски Театър ""Зад Канала"":София",2018-02-11 19:00,http://www.eventim.bg/bg/bileti/malk-gradski-teatr-zad-kanala-sofi-malk-gradski-teatr-zad-kanala-227/events.html,http://bg.content.eventim.com/static/uploaded/bg/50yy_300_300.jpg
ТЕАТРАЛЕН КОНЦЕРТ,Учебен куклен театър НАТФИЗ:София,2018-02-01 19:00,http://www.eventim.bg/bg/bileti/uceben-kuklen-teatr-natfiz-sezon-20172018-sofi-uceben-kuklen-teatr-natfiz-237/events.html,http://bg.content.eventim.com/static/uploaded/bg/rgi4_300_300.jpg
ТЕАТРАЛЕН КОНЦЕРТ,Учебен куклен театър НАТФИЗ:София,2018-02-08 19:00,http://www.eventim.bg/bg/bileti/uceben-kuklen-teatr-natfiz-sezon-20172018-sofi-uceben-kuklen-teatr-natfiz-237/events.html,http://bg.content.eventim.com/static/uploaded/bg/rgi4_300_300.jpg
ТАЛАСЪМА ТРОПАЛАН,Учебен куклен театър НАТФИЗ:София,2018-02-10 11:00,http://www.eventim.bg/bg/bileti/uceben-kuklen-teatr-natfiz-sezon-20172018-sofi-uceben-kuklen-teatr-natfiz-237/events.html,http://bg.content.eventim.com/static/uploaded/bg/rgi4_300_300.jpg
ТАЛАСЪМА ТРОПАЛАН,Учебен куклен театър НАТФИЗ:София,2018-02-17 11:00,http://www.eventim.bg/bg/bileti/uceben-kuklen-teatr-natfiz-sezon-20172018-sofi-uceben-kuklen-teatr-natfiz-237/events.html,http://bg.content.eventim.com/static/uploaded/bg/rgi4_300_300.jpg
ТЕАТРАЛЕН КОНЦЕРТ,Учебен куклен театър НАТФИЗ:София,2018-02-28 19:00,http://www.eventim.bg/bg/bileti/uceben-kuklen-teatr-natfiz-sezon-20172018-sofi-uceben-kuklen-teatr-natfiz-237/events.html,http://bg.content.eventim.com/static/uploaded/bg/rgi4_300_300.jpg
НОС от Н.В. Гогол,Учебен драматичен театър НАТФИЗ - Голяма сцена:София,2018-02-01 19:00,http://www.eventim.bg/bg/bileti/uceben-dramaticen-teatr-natfiz-sezon-20172018-sofi-219/events.html,http://bg.content.eventim.com/static/uploaded/bg/rgi4_300_300.jpg
PAPAS IN MOTION,Учебен драматичен театър НАТФИЗ - Сцена 47:София,2018-02-02 19:30,http://www.eventim.bg/bg/bileti/uceben-dramaticen-teatr-natfiz-sezon-20172018-sofi-219/events.html,http://bg.content.eventim.com/static/uploaded/bg/rgi4_300_300.jpg
АНТИХРИСТ-СУПЕРЗВЕЗДА,Учебен драматичен театър НАТФИЗ - Голяма сцена:София,2018-02-06 19:00,http://www.eventim.bg/bg/bileti/uceben-dramaticen-teatr-natfiz-sezon-20172018-sofi-219/events.html,http://bg.content.eventim.com/static/uploaded/bg/rgi4_300_300.jpg
ЧЕРНА ДУПКА,Учебен драматичен театър НАТФИЗ - Сцена 47:София,2018-02-07 19:30,http://www.eventim.bg/bg/bileti/uceben-dramaticen-teatr-natfiz-sezon-20172018-sofi-219/events.html,http://bg.content.eventim.com/static/uploaded/bg/rgi4_300_300.jpg
КУМ ЛИСАН,Учебен драматичен театър НАТФИЗ - Сцена 47:София,2018-02-08 19:30,http://www.eventim.bg/bg/bileti/uceben-dramaticen-teatr-natfiz-sezon-20172018-sofi-219/events.html,http://bg.content.eventim.com/static/uploaded/bg/rgi4_300_300.jpg
PAPAS IN MOTION,Учебен драматичен театър НАТФИЗ - Сцена 47:София,2018-02-09 19:30,http://www.eventim.bg/bg/bileti/uceben-dramaticen-teatr-natfiz-sezon-20172018-sofi-219/events.html,http://bg.content.eventim.com/static/uploaded/bg/rgi4_300_300.jpg
ОРИЕНТ ЕКСПРЕС,Учебен драматичен театър НАТФИЗ - Сцена 47:София,2018-02-10 19:30,http://www.eventim.bg/bg/bileti/uceben-dramaticen-teatr-natfiz-sezon-20172018-sofi-219/events.html,http://bg.content.eventim.com/static/uploaded/bg/rgi4_300_300.jpg
СЪН В ЛЯТНА НОЩ,Учебен драматичен театър НАТФИЗ - Голяма сцена:София,2018-02-14 19:00,http://www.eventim.bg/bg/bileti/uceben-dramaticen-teatr-natfiz-sezon-20172018-sofi-219/events.html,http://bg.content.eventim.com/static/uploaded/bg/rgi4_300_300.jpg
СЪН В ЛЯТНА НОЩ,Учебен драматичен театър НАТФИЗ - Голяма сцена:София,2018-02-15 19:00,http://www.eventim.bg/bg/bileti/uceben-dramaticen-teatr-natfiz-sezon-20172018-sofi-219/events.html,http://bg.content.eventim.com/static/uploaded/bg/rgi4_300_300.jpg
PAPAS IN MOTION,Учебен драматичен театър НАТФИЗ - Сцена 47:София,2018-02-15 19:30,http://www.eventim.bg/bg/bileti/uceben-dramaticen-teatr-natfiz-sezon-20172018-sofi-219/events.html,http://bg.content.eventim.com/static/uploaded/bg/rgi4_300_300.jpg
ВЕРЕСИИ,Театър 199:София,2018-02-01 19:30,http://www.eventim.bg/bg/bileti/theater-199-sofi-teatr-199-46/events.html,http://bg.content.eventim.com/static/uploaded/bg/9gmk_300_300.jpg
СИМУЛАТОР ЗА ЧИФТОСВАНЕ,Театър 199:София,2018-02-02 19:30,http://www.eventim.bg/bg/bileti/theater-199-sofi-teatr-199-46/events.html,http://bg.content.eventim.com/static/uploaded/bg/9gmk_300_300.jpg
БАРОН МЮНХАУЗЕН,Театър 199:София,2018-02-03 11:30,http://www.eventim.bg/bg/bileti/theater-199-sofi-teatr-199-46/events.html,http://bg.content.eventim.com/static/uploaded/bg/9gmk_300_300.jpg
"ПРИЯТНО МИ Е, ИВА  - премиера",Театър 199:София,2018-02-03 19:30,http://www.eventim.bg/bg/bileti/theater-199-sofi-teatr-199-46/events.html,http://bg.content.eventim.com/static/uploaded/bg/9gmk_300_300.jpg
СВЕТУЛКИ,Театър 199:София,2018-02-04 11:30,http://www.eventim.bg/bg/bileti/theater-199-sofi-teatr-199-46/events.html,http://bg.content.eventim.com/static/uploaded/bg/9gmk_300_300.jpg
ПУХЕНИЯТ,Театър 199:София,2018-02-04 19:30,http://www.eventim.bg/bg/bileti/theater-199-sofi-teatr-199-46/events.html,http://bg.content.eventim.com/static/uploaded/bg/9gmk_300_300.jpg
РИБАРЯТ И НЕГОВАТА ДУША,Театър 199:София,2018-02-05 19:30,http://www.eventim.bg/bg/bileti/theater-199-sofi-teatr-199-46/events.html,http://bg.content.eventim.com/static/uploaded/bg/9gmk_300_300.jpg
ЧАМКОРИЯ,Театър 199:София,2018-02-06 19:30,http://www.eventim.bg/bg/bileti/theater-199-sofi-teatr-199-46/events.html,http://bg.content.eventim.com/static/uploaded/bg/9gmk_300_300.jpg
ЧАМКОРИЯ,Театър 199:София,2018-02-07 19:30,http://www.eventim.bg/bg/bileti/theater-199-sofi-teatr-199-46/events.html,http://bg.content.eventim.com/static/uploaded/bg/9gmk_300_300.jpg
СЪДЕБНА ГРЕШКА,Театър 199:София,2018-02-08 19:30,http://www.eventim.bg/bg/bileti/theater-199-sofi-teatr-199-46/events.html,http://bg.content.eventim.com/static/uploaded/bg/9gmk_300_300.jpg
КАМЕЛИЯ ТОДОРОВА и МИЛЕН КУКОШАРОВ,Sofia Live Club:Sofia,2018-02-01 20:00,http://www.eventim.bg/bg/bileti/kameli-todoroba-i-milen-kukosarob-sofia-live-club-482779/event.html,http://bg.content.eventim.com/static/uploaded/bg/xtq9_200_200.jpg
Терминал 1 представя : КОНТРОЛ,клуб Терминал 1:София,2018-02-01 22:30,http://www.eventim.bg/bg/bileti/terminal-1-predstav-kontrol-sofi-klub-483769/event.html,http://bg.content.eventim.com/static/uploaded/bg/i8q3_200_200.jpg
КАРМЕН / CARMEN,"Градски Дом на Културата ""Борис Христов"":Пловдив",2018-02-02 19:00,http://www.eventim.bg/bg/bileti/opera-plovdiv-plovdiv-sofi-37/events.html,http://bg.content.eventim.com/static/uploaded/bg/kgrq_300_300.jpg
МЕЧО ПУХ,"Градски Дом на Културата ""Борис Христов"":Пловдив",2018-02-03 11:00,http://www.eventim.bg/bg/bileti/opera-plovdiv-plovdiv-sofi-37/events.html,http://bg.content.eventim.com/static/uploaded/bg/kgrq_300_300.jpg
ВЕСКО ЕШКЕНАЗИ и ГОДИШНИТЕ ВРЕМЕНА,"Градски Дом на Културата ""Борис Христов"":Пловдив",2018-02-03 19:00,http://www.eventim.bg/bg/bileti/opera-plovdiv-plovdiv-sofi-37/events.html,http://bg.content.eventim.com/static/uploaded/bg/kgrq_300_300.jpg
ФРЕНСКА ФАНТАЗИЯ ЗА ФЛЕЙТА,"Градски Дом на Културата ""Борис Христов"":Пловдив",2018-02-09 19:00,http://www.eventim.bg/bg/bileti/opera-plovdiv-plovdiv-sofi-37/events.html,http://bg.content.eventim.com/static/uploaded/bg/kgrq_300_300.jpg
СНЕЖАНКА И СЕДЕМТЕ ДЖУДЖЕТА,"Градски Дом на Културата ""Борис Христов"":Пловдив",2018-02-10 11:00,http://www.eventim.bg/bg/bileti/opera-plovdiv-plovdiv-sofi-37/events.html,http://bg.content.eventim.com/static/uploaded/bg/kgrq_300_300.jpg
LA DONNA E MOBILE - СОПРАНО КОЛЕКЦИЯ,"Градски Дом на Културата ""Борис Христов"":Пловдив",2018-02-10 19:00,http://www.eventim.bg/bg/bileti/opera-plovdiv-plovdiv-sofi-37/events.html,http://bg.content.eventim.com/static/uploaded/bg/kgrq_300_300.jpg
ОПЕРА БУТИК: БАКХУС / BACCHUS,"Градски Дом на Културата ""Борис Христов"":Пловдив",2018-02-13 19:00,http://www.eventim.bg/bg/bileti/opera-plovdiv-plovdiv-sofi-37/events.html,http://bg.content.eventim.com/static/uploaded/bg/kgrq_300_300.jpg
ТРУБАДУР / IL TROVATORE,"Градски Дом на Културата ""Борис Христов"":Пловдив",2018-02-16 19:00,http://www.eventim.bg/bg/bileti/opera-plovdiv-plovdiv-sofi-37/events.html,http://bg.content.eventim.com/static/uploaded/bg/kgrq_300_300.jpg
МОЯТА ПРЕКРАСНА ЛЕЙДИ / MY FAIR LADY,"Градски Дом на Културата ""Борис Христов"":Пловдив",2018-02-24 19:00,http://www.eventim.bg/bg/bileti/opera-plovdiv-plovdiv-sofi-37/events.html,http://bg.content.eventim.com/static/uploaded/bg/kgrq_300_300.jpg
ЛЕБЕДОВО ЕЗЕРО,Софийска опера и балет:София,2018-02-02 19:00,http://www.eventim.bg/bg/bileti/sofia-opera-and-ballet-sofi-sofiska-opera-i-balet-49/events.html,http:
ЛЕБЕДОВО ЕЗЕРО,Софийска опера и балет:София,2018-02-03 19:00,http://www.eventim.bg/bg/bileti/sofia-opera-and-ballet-sofi-sofiska-opera-i-balet-49/events.html,http:
КАРМЕН,Софийска опера и балет:София,2018-02-08 19:00,http://www.eventim.bg/bg/bileti/sofia-opera-and-ballet-sofi-sofiska-opera-i-balet-49/events.html,http:
КАРМЕН,Софийска опера и балет:София,2018-02-09 19:00,http://www.eventim.bg/bg/bileti/sofia-opera-and-ballet-sofi-sofiska-opera-i-balet-49/events.html,http:
КОРСАР,Софийска опера и балет:София,2018-02-10 19:00,http://www.eventim.bg/bg/bileti/sofia-opera-and-ballet-sofi-sofiska-opera-i-balet-49/events.html,http:
КОРСАР,Софийска опера и балет:София,2018-02-11 16:00,http://www.eventim.bg/bg/bileti/sofia-opera-and-ballet-sofi-sofiska-opera-i-balet-49/events.html,http:
БАЛ С МАСКИ,Софийска опера и балет:София,2018-02-15 19:00,http://www.eventim.bg/bg/bileti/sofia-opera-and-ballet-sofi-sofiska-opera-i-balet-49/events.html,http:
БАЛ С МАСКИ,Софийска опера и балет:София,2018-02-16 19:00,http://www.eventim.bg/bg/bileti/sofia-opera-and-ballet-sofi-sofiska-opera-i-balet-49/events.html,http:
ДАМАТА С КАМЕЛИИТЕ,Софийска опера и балет:София,2018-02-17 19:00,http://www.eventim.bg/bg/bileti/sofia-opera-and-ballet-sofi-sofiska-opera-i-balet-49/events.html,http:
ЗОРБА ГЪРКЪТ,Софийска опера и балет:София,2018-02-18 16:00,http://www.eventim.bg/bg/bileti/sofia-opera-and-ballet-sofi-sofiska-opera-i-balet-49/events.html,http:
Отвличане от Сарая - Опера от В.А.Моцарт,Кино театър „Освобождение“ СДКТРБ:Sofia,2018-02-02 19:00,http://www.eventim.bg/bg/bileti/otvlicane-ot-sara-opera-bamocart-sofia-kino-teatr-osvobozdenie-sdktrb-482407/event.html,http://bg.content.eventim.com/static/uploaded/bg/o4ox_200_200.jpg
Комедийно шоу Шегоубийци – с хумора шега не бива,JOY Station:София,2018-02-02 20:00,http://www.eventim.bg/bg/bileti/segoubici-s-humora-sega-ne-biva-sofi-joy-station-482654/event.html,http://bg.content.eventim.com/static/uploaded/bg/oalx_200_200.jpg
Бог Рок,Club City Stage:София,2018-02-02 22:00,http://www.eventim.bg/bg/bileti/bog-rok-sofi-club-city-stage-482423/event.html,http://bg.content.eventim.com/static/uploaded/bg/10xr_200_200.jpg
CELEBRATE DIVERSITY,Party Hall:Sofia,2018-02-02 23:00,http://www.eventim.bg/bg/bileti/celebrate-diversity-sofia-party-hall-482304/event.html,http://bg.content.eventim.com/static/uploaded/bg/dc1d_200_200.jpg
"Шегите, които Бог си прави",Theatro:София,2018-02-03 19:00,http://www.eventim.bg/bg/bileti/segite-koito-bog-si-pravi-sofi-theatro-450611/event.html,http://bg.content.eventim.com/static/uploaded/bg/cira_200_200.jpg
"Шегите, които Бог си прави",Theatro:София,2018-02-20 19:00,http://www.eventim.bg/bg/bileti/segite-koito-bog-si-pravi-sofi-theatro-450611/event.html,http://bg.content.eventim.com/static/uploaded/bg/cira_200_200.jpg
BOOGIE JUNGLE FEVER & LIVE BAND,Sofia Live Club:Sofia,2018-02-03 22:00,http://www.eventim.bg/bg/bileti/boogie-jungle-fever-live-band-sofia-club-482780/event.html,http://bg.content.eventim.com/static/uploaded/bg/kxc0_200_200.jpg
Терминал 1 представя: ALGIERS /USA,клуб Терминал 1:София,2018-02-03 22:00,http://www.eventim.bg/bg/bileti/terminal-1-predstav-algiers-usa-sofi-klub-479473/event.html,http://bg.content.eventim.com/static/uploaded/bg/pyy8_200_200.jpg
Строежа представя: ГРАДСКИ ЛЕГЕНДИ 6,Клуб Строежа:София,2018-02-03 22:30,http://www.eventim.bg/bg/bileti/stroeza-predstav-gradski-legendi-6-sofi-klub-483327/event.html,http://bg.content.eventim.com/static/uploaded/bg/9837_200_200.jpg
ПАКЕТЕН БИЛЕТ - DIEMA XTRA Sofia Open,"Sports hall ""Arena Armeec"":Sofia",2018-02-04,http://www.eventim.bg/bg/bileti/diema-xtra-sofia-open-2018-sofia-sports-hall-arena-armeec-223/events.html,http://bg.content.eventim.com/static/uploaded/bg/baah_300_300.jpg
DIEMA XTRA Sofia Open - 4.2.2018,"Sports hall ""Arena Armeec"":Sofia",2018-02-04 12:00,http://www.eventim.bg/bg/bileti/diema-xtra-sofia-open-2018-sofia-sports-hall-arena-armeec-223/events.html,http://bg.content.eventim.com/static/uploaded/bg/baah_300_300.jpg
DIEMA XTRA Sofia Open - 5.2.2018,"Sports hall ""Arena Armeec"":Sofia",2018-02-05 12:00,http://www.eventim.bg/bg/bileti/diema-xtra-sofia-open-2018-sofia-sports-hall-arena-armeec-223/events.html,http://bg.content.eventim.com/static/uploaded/bg/baah_300_300.jpg
DIEMA XTRA Sofia Open - 6.2.2018,"Sports hall ""Arena Armeec"":Sofia",2018-02-06 12:00,http://www.eventim.bg/bg/bileti/diema-xtra-sofia-open-2018-sofia-sports-hall-arena-armeec-223/events.html,http://bg.content.eventim.com/static/uploaded/bg/baah_300_300.jpg
DIEMA XTRA Sofia Open - 7.2.2018,"Sports hall ""Arena Armeec"":Sofia",2018-02-07 12:00,http://www.eventim.bg/bg/bileti/diema-xtra-sofia-open-2018-sofia-sports-hall-arena-armeec-223/events.html,http://bg.content.eventim.com/static/uploaded/bg/baah_300_300.jpg
DIEMA XTRA Sofia Open - 8.2.2018,"Sports hall ""Arena Armeec"":Sofia",2018-02-08 12:00,http://www.eventim.bg/bg/bileti/diema-xtra-sofia-open-2018-sofia-sports-hall-arena-armeec-223/events.html,http://bg.content.eventim.com/static/uploaded/bg/baah_300_300.jpg
DIEMA XTRA Sofia Open - 9.2.2018,"Sports hall ""Arena Armeec"":Sofia",2018-02-09 12:00,http://www.eventim.bg/bg/bileti/diema-xtra-sofia-open-2018-sofia-sports-hall-arena-armeec-223/events.html,http://bg.content.eventim.com/static/uploaded/bg/baah_300_300.jpg
DIEMA XTRA Sofia Open - 10.2.2018,"Sports hall ""Arena Armeec"":Sofia",2018-02-10 14:00,http://www.eventim.bg/bg/bileti/diema-xtra-sofia-open-2018-sofia-sports-hall-arena-armeec-223/events.html,http://bg.content.eventim.com/static/uploaded/bg/baah_300_300.jpg
DIEMA XTRA Sofia Open - 11.2.2018,"Sports hall ""Arena Armeec"":Sofia",2018-02-11 14:00,http://www.eventim.bg/bg/bileti/diema-xtra-sofia-open-2018-sofia-sports-hall-arena-armeec-223/events.html,http://bg.content.eventim.com/static/uploaded/bg/baah_300_300.jpg
ВСИЧКО ИЛИ НИЩО,Общинска зала Ямбол:Ямбол,2018-02-06 19:00,http://www.eventim.bg/bg/bileti/bsicko-ili-nio--panagrie-sevlievo-sumen-haskovo-plovdiv-194/events.html,http://bg.content.eventim.com/static/uploaded/bg/pfo8_300_300.jpg
ВСИЧКО ИЛИ НИЩО,Theatro:София,2018-02-27 19:00,http://www.eventim.bg/bg/bileti/bsicko-ili-nio--panagrie-sevlievo-sumen-haskovo-plovdiv-194/events.html,http://bg.content.eventim.com/static/uploaded/bg/pfo8_300_300.jpg
ВСИЧКО ИЛИ НИЩО,Театър Дом - Паметник:Панагюрище,2018-02-28 19:00,http://www.eventim.bg/bg/bileti/bsicko-ili-nio--panagrie-sevlievo-sumen-haskovo-plovdiv-194/events.html,http://bg.content.eventim.com/static/uploaded/bg/pfo8_300_300.jpg
РИГОЛЕТО,Опера Бургас:Бургас,2018-02-06 19:00,http://www.eventim.bg/bg/bileti/drzavna-opera-burgas-burgas-224/events.html,http://bg.content.eventim.com/static/uploaded/bg/o1f5_300_300.jpg
Да хвърлим операта в джаза,Опера Бургас:Бургас,2018-02-08 19:00,http://www.eventim.bg/bg/bileti/drzavna-opera-burgas-burgas-224/events.html,http://bg.content.eventim.com/static/uploaded/bg/o1f5_300_300.jpg
ТРАВИАТА,Опера Бургас:Бургас,2018-02-16 19:00,http://www.eventim.bg/bg/bileti/drzavna-opera-burgas-burgas-224/events.html,http://bg.content.eventim.com/static/uploaded/bg/o1f5_300_300.jpg
"Пинокио"" - Премиера",Опера Бургас:Бургас,2018-02-24 11:00,http://www.eventim.bg/bg/bileti/drzavna-opera-burgas-burgas-224/events.html,http://bg.content.eventim.com/static/uploaded/bg/o1f5_300_300.jpg
Бродуей ще полудей,Опера Бургас:Бургас,2018-02-26 19:00,http://www.eventim.bg/bg/bileti/drzavna-opera-burgas-burgas-224/events.html,http://bg.content.eventim.com/static/uploaded/bg/o1f5_300_300.jpg
Барок и класика,Bulgaria Hall:Sofia,2018-02-07 19:00,http://www.eventim.bg/bg/bileti/barok-i-klasika-sofia-bulgaria-hall-483959/event.html,http://bg.content.eventim.com/static/uploaded/bg/jn2l_200_200.jpg
HARLEM SHAKE,Нов театър НДК:София,2018-02-07 19:00,http://www.eventim.bg/bg/bileti/harlem-shake-sofi-nov-teatr-ndk-484031/event.html,http://bg.content.eventim.com/static/uploaded/bg/bemx_200_200.jpg
"Сара Чанг цигулка, Найден Тодоров диригент",Bulgaria Hall:Sofia,2018-02-08 19:00,http://www.eventim.bg/bg/bileti/sara-cang-sofia-bulgaria-hall-482521/event.html,http://bg.content.eventim.com/static/uploaded/bg/pfs3_200_200.jpg
Хип хоп награди - 359 AWARDS 2018,EFE Hotel Marinela:Sofia,2018-02-08 20:00,http://www.eventim.bg/bg/bileti/hip-hop-nagradi-359-awards-2018-sofia-efe-hotel-marinela-483072/event.html,http://bg.content.eventim.com/static/uploaded/bg/qxo1_200_200.jpg
"Строежа представя: PIRANHA, VAN COCK & PAPERWINGS",Клуб Строежа:София,2018-02-08 22:30,http://www.eventim.bg/bg/bileti/stroeza-predstav-piranha-sofi-klub-483326/event.html,http://bg.content.eventim.com/static/uploaded/bg/g7z8_200_200.jpg
Club Terminal 1 представя : PEARL JAM - Live Tribute,клуб Терминал 1:София,2018-02-08 22:30,http://www.eventim.bg/bg/bileti/pearl-jam-live-tribute-sofi-klub-terminal-1-483768/event.html,http://bg.content.eventim.com/static/uploaded/bg/ih1b_200_200.jpg
Шегите на времето /Преди и сега,Theatro:София,2018-02-09 19:00,http://www.eventim.bg/bg/bileti/segite-na-vremeto-predi-i-sega-sofi-theatro-450612/event.html,http://bg.content.eventim.com/static/uploaded/bg/2fdo_200_200.jpg
Луд Гидия,ДЪРЖАВНА ОПЕРА РУСЕ:Русе,2018-02-09 19:00,http://www.eventim.bg/bg/bileti/lud-gidi-ruse-drzabna-opera-484001/event.html,http://bg.content.eventim.com/static/uploaded/bg/f012_200_200.jpg
Луд Гидия,ДЪРЖАВНА ОПЕРА РУСЕ:Русе,2018-02-23 19:00,http://www.eventim.bg/bg/bileti/lud-gidi-ruse-drzabna-opera-484001/event.html,http://bg.content.eventim.com/static/uploaded/bg/f012_200_200.jpg
"ПИЛЕТО, КОЕТО КАЗВА КУ",Нов театър НДК:София,2018-02-09 19:30,http://www.eventim.bg/bg/bileti/pileto-koeto-kazba-ku--sofi-222/events.html,http://bg.content.eventim.com/static/uploaded/bg/6sh1_300_300.jpg
"ПИЛЕТО, КОЕТО КАЗВА КУ",Нов театър НДК:София,2018-02-23 19:30,http://www.eventim.bg/bg/bileti/pileto-koeto-kazba-ku--sofi-222/events.html,http://bg.content.eventim.com/static/uploaded/bg/6sh1_300_300.jpg
ARKONA,Club MIXTAPE 5:Sofia,2018-02-10 19:00,http://www.eventim.bg/bg/bileti/arkona-sofia-club-mixtape-5-475661/event.html,http://bg.content.eventim.com/static/uploaded/bg/g0am_200_200.jpg
МОРСКА СОЛ,Theatro:София,2018-02-10 19:00,http://www.eventim.bg/bg/bileti/morska-sol-sofi-theatro-482214/event.html,http://bg.content.eventim.com/static/uploaded/bg/nm5v_200_200.jpg
ГЪЛТАЙ!,Руски културен център:Munchen,2018-02-10 19:00,http://www.eventim.bg/bg/bileti/glta-munchen-ruski-kulturen-centr-483379/event.html,http://bg.content.eventim.com/static/uploaded/bg/1piz_200_200.jpg
SVETLIO & THE LEGENDS,клуб Терминал 1:София,2018-02-10 22:30,http://www.eventim.bg/bg/bileti/terminal-1-predstavsvetliothe-legends-sofi-klub-483301/event.html,http:
SEVDALIZA,ДНК - София:Sofia,2018-02-10 23:00,http://www.eventim.bg/bg/bileti/sevdaliza-sofia-dnk-sofi-481890/event.html,http://bg.content.eventim.com/static/uploaded/bg/amdu_200_200.jpg
ГРАФА в Sofia Live Club,Sofia Live Club:Sofia,2018-02-10 23:00,http://www.eventim.bg/bg/bileti/grafa-sofia-live-club-482962/event.html,http://bg.content.eventim.com/static/uploaded/bg/18zt_200_200.jpg
Солистите от Софийска филхармония,Bulgaria Hall:Sofia,2018-02-11 19:00,http://www.eventim.bg/bg/bileti/solistite-ot-sofiska-filharmoni-sofia-bulgaria-hall-483956/event.html,http://bg.content.eventim.com/static/uploaded/bg/y3ef_200_200.jpg
ГЪЛТАЙ!,Зала 52/53:Mannheim,2018-02-11 19:00,http://www.eventim.bg/bg/bileti/glta-mannheim-zala-5253-484295/event.html,http://bg.content.eventim.com/static/uploaded/bg/1piz_200_200.jpg
БРАТЯ САФРОНОВИ - ШОУ МЪЛНИЯ - София,"National Palace of Culture, Hall 1:Sofia",2018-02-11 20:00,http://www.eventim.bg/bg/bileti/safronov-brothers-varnabarna-sofia-226/events.html,http:
БРАТЯ САФРОНОВИ - ШОУ МЪЛНИЯ - Варна,Palace of Culture and Sports:Varna/Варна,2018-02-13 20:00,http://www.eventim.bg/bg/bileti/safronov-brothers-varnabarna-sofia-226/events.html,http:
ХРИСТО ШОПОВ - НАЦИОНАЛНО ТУРНЕ - „ДОГОДИНА ПО СЪЩОТО ВРЕМЕ,"НЧ ,,НАПРЕДЪК'':Горна Оряховица",2018-02-12 18:30,http://www.eventim.bg/bg/bileti/hristo-shopov--next-year-at-the-same-time-sofi-sumen-karlovo-pirdop-rakovski-185/events.html,http://bg.content.eventim.com/static/uploaded/bg/47zg_300_300.jpg
ХРИСТО ШОПОВ - НАЦИОНАЛНО ТУРНЕ - „ДОГОДИНА ПО СЪЩОТО ВРЕМЕ,"НЧ ,,РАЗВИТИЕ 1869'':Разград",2018-02-13 19:00,http://www.eventim.bg/bg/bileti/hristo-shopov--next-year-at-the-same-time-sofi-sumen-karlovo-pirdop-rakovski-185/events.html,http://bg.content.eventim.com/static/uploaded/bg/47zg_300_300.jpg
ХРИСТО ШОПОВ - НАЦИОНАЛНО ТУРНЕ - „ДОГОДИНА ПО СЪЩОТО ВРЕМЕ,"Драматичен театър ""Стоян Бъчваров"" - СЦЕНА ФИЛИАЛ:Варна",2018-02-14 19:00,http://www.eventim.bg/bg/bileti/hristo-shopov--next-year-at-the-same-time-sofi-sumen-karlovo-pirdop-rakovski-185/events.html,http://bg.content.eventim.com/static/uploaded/bg/47zg_300_300.jpg
ХРИСТО ШОПОВ - НАЦИОНАЛНО ТУРНЕ - „ДОГОДИНА ПО СЪЩОТО ВРЕМЕ,Културен дом на Нефтохимика:Бургас,2018-02-15 19:00,http://www.eventim.bg/bg/bileti/hristo-shopov--next-year-at-the-same-time-sofi-sumen-karlovo-pirdop-rakovski-185/events.html,http://bg.content.eventim.com/static/uploaded/bg/47zg_300_300.jpg
Шегите на еволюцията,Theatro:София,2018-02-12 19:00,http://www.eventim.bg/bg/bileti/segite-na-evolcita-sofi-theatro-471212/event.html,http://bg.content.eventim.com/static/uploaded/bg/llpu_200_200.jpg
ГЪЛТАЙ!,Stadt Augsburg Zeughaus:Augsburg,2018-02-12 19:00,http://www.eventim.bg/bg/bileti/glta-augsburg-stadt-zeughaus-484369/event.html,http://bg.content.eventim.com/static/uploaded/bg/1piz_200_200.jpg
ХЕНРИ IV,"Народен театър ""Иван Вазов"":София",2018-02-12 19:00,http://www.eventim.bg/bg/bileti/dramaticen-teatr-ston-bcvarov-predstav-sofi-238/events.html,http:
МЕСЕЦ НА СЕЛО,"Младежки театър ""Николай Бинев"":София",2018-02-13 19:00,http://www.eventim.bg/bg/bileti/dramaticen-teatr-ston-bcvarov-predstav-sofi-238/events.html,http:
КОМИЧНАТА ИЛЮЗИЯ,Театър Българска Армия:София,2018-02-14 19:00,http://www.eventim.bg/bg/bileti/dramaticen-teatr-ston-bcvarov-predstav-sofi-238/events.html,http:
СЪН,Theatro:София,2018-02-15 11:00,http://www.eventim.bg/bg/bileti/dramaticen-teatr-ston-bcvarov-predstav-sofi-238/events.html,http:
СЪН,Theatro:София,2018-02-15 14:00,http://www.eventim.bg/bg/bileti/dramaticen-teatr-ston-bcvarov-predstav-sofi-238/events.html,http:
СЪН,Theatro:София,2018-02-15 18:00,http://www.eventim.bg/bg/bileti/dramaticen-teatr-ston-bcvarov-predstav-sofi-238/events.html,http:
СЪН,Theatro:София,2018-02-16 11:00,http://www.eventim.bg/bg/bileti/dramaticen-teatr-ston-bcvarov-predstav-sofi-238/events.html,http:
ПРИЯТЕЛИ?,I AM STUDIO:София,2018-02-16 19:00,http://www.eventim.bg/bg/bileti/dramaticen-teatr-ston-bcvarov-predstav-sofi-238/events.html,http:
СЕКСИ ПРАНЕ,Theatro:София,2018-02-13 19:00,http://www.eventim.bg/bg/bileti/seksi-prane-sofi-theatro-450610/event.html,http://bg.content.eventim.com/static/uploaded/bg/kegc_200_200.jpg
Мотив: Романс,Къщата на София:Sofia,2018-02-13 19:30,http://www.eventim.bg/bg/bileti/motiv-romans-sofia-kata-na-sofi-480760/event.html,http://bg.content.eventim.com/static/uploaded/bg/3hgk_200_200.jpg
Ангели и демони – Танго проект на Quarto Quartet,Bulgaria Hall:Sofia,2018-02-14 19:00,http://www.eventim.bg/bg/bileti/angeli-i-demoni-sofia-bulgaria-hall-483960/event.html,http://bg.content.eventim.com/static/uploaded/bg/kkdb_200_200.jpg
АСАНСЬОРЪТ,Нов театър НДК:София,2018-02-14 19:00,http://www.eventim.bg/bg/bileti/asansort-sofi-nov-teatr-ndk-479775/event.html,http://bg.content.eventim.com/static/uploaded/bg/iyu2_200_200.jpg
ВЕЧНИТЕ ЛЮБОВНИ ПЕСНИ,Кино Люмиер:София,2018-02-14 20:00,http://www.eventim.bg/bg/bileti/becnite-lbobni-pesni-sofi-kino-lmier-482819/event.html,http://bg.content.eventim.com/static/uploaded/bg/eql3_200_200.jpg
Бандата на Пецата и приятели,JOY Station:София,2018-02-14 20:45,http://www.eventim.bg/bg/bileti/bandata-na-pecata-i-priteli-sofi-joy-station-483344/event.html,http://bg.content.eventim.com/static/uploaded/bg/mj66_200_200.jpg
All We Need is... D2 Love,Club City Stage:София,2018-02-14 22:00,http://www.eventim.bg/bg/bileti/d2-live-sofi-club-city-stage-480204/event.html,http://bg.content.eventim.com/static/uploaded/bg/ergc_200_200.jpg
OSTAVA  LOVE SONGS,клуб Терминал 1:София,2018-02-14 22:00,http://www.eventim.bg/bg/bileti/ostava-love-songs-sofi-klub-terminal-1-482538/event.html,http://bg.content.eventim.com/static/uploaded/bg/7rlz_200_200.jpg
ГЕОРГИ ХРИСТОВ - Клубен концерт,Пиано Бар Cheers:София,2018-02-14 22:00,http://www.eventim.bg/bg/bileti/georgi-hristob-kluben-koncert-sofi-piano-bar-cheers-483820/event.html,http://bg.content.eventim.com/static/uploaded/bg/sqbg_200_200.jpg
BELOSLAVA | FUNKY LOVE LIVE,Sofia Live Club:Sofia,2018-02-14 22:00,http://www.eventim.bg/bg/bileti/beloslava-funky-love-live-sofia-club-482651/event.html,http://bg.content.eventim.com/static/uploaded/bg/9hrl_200_200.jpg
ГЪЛТАЙ!,Pfarrsaal:Regensburg,2018-02-15 19:00,http://www.eventim.bg/bg/bileti/glta-regensburg-pfarrsaal-483376/event.html,http://bg.content.eventim.com/static/uploaded/bg/1piz_200_200.jpg
I.концерт от цикъла Големите симфонии II,Bulgaria Hall:Sofia,2018-02-15 19:00,http://www.eventim.bg/bg/bileti/ikoncert-ot-cikla-golemite-simfonii-ii-sofia-bulgaria-hall-483958/event.html,http://bg.content.eventim.com/static/uploaded/bg/0ctt_200_200.jpg
Биг бенд джаз академия,Студио 1 на БНР:София,2018-02-15 19:30,http://www.eventim.bg/bg/bileti/big-bend-dzaz-akademi-sofi-studio-1-na-bnr-484654/event.html,http://bg.content.eventim.com/static/uploaded/bg/lo8e_200_200.jpg
BULGARA LIVE,Sofia Live Club:Sofia,2018-02-15 21:00,http://www.eventim.bg/bg/bileti/bulgara-live-sofia-club-482954/event.html,http://bg.content.eventim.com/static/uploaded/bg/qf44_200_200.jpg
Терминал 1 представя: GRAVITY CO. Exclusive Live - Second Ed,клуб Терминал 1:София,2018-02-21 22:00,http://www.eventim.bg/bg/bileti/exclusive-live-gravity-co-sofi-klub-terminal-1-482331/event.html,http:
ТИМАТИ,Universiada Hall:Sofia,2018-02-16 20:00,http://www.eventim.bg/bg/bileti/timati-sofia-universiada-hall-480130/event.html,http://bg.content.eventim.com/static/uploaded/bg/glhn_200_200.jpg
U2 tribute by ZEN GARDEN,JOY Station:София,2018-02-16 21:45,http://www.eventim.bg/bg/bileti/u2-tribute-by-zen-garden-sofi-joy-station-482556/event.html,http://bg.content.eventim.com/static/uploaded/bg/s87l_200_200.jpg
Група СПРИНТ @ City Stage,Club City Stage:София,2018-02-16 22:00,http://www.eventim.bg/bg/bileti/grupa-sprint-sofi-club-city-stage-483404/event.html,http://bg.content.eventim.com/static/uploaded/bg/gci4_200_200.jpg
ВАСИЛ НАЙДЕНОВ В КЛУБ МАРАКЕШ,Клуб Маракеш:Sofia,2018-02-16 22:30,http://www.eventim.bg/bg/bileti/basil-nadenov-sofia-klub-marakes-483544/event.html,http://bg.content.eventim.com/static/uploaded/bg/npnu_200_200.jpg
Терминал 1 представя: 9 Years Camp Sessions w/ Serial Killaz,клуб Терминал 1:София,2018-02-16 23:00,http://www.eventim.bg/bg/bileti/9-years-camp-sessions-w-serial-killaz-sofi-klub-terminal-1-484170/event.html,http://bg.content.eventim.com/static/uploaded/bg/n7tf_200_200.jpg
Космически гласове от България,"Крипта на Храм-паметник ""Св. Александър Невски"":София",2018-02-17 18:30,http://www.eventim.bg/bg/bileti/kosmiceski-glasove-ot-blgari-sofi-kripta-na-hram-pametnik-sv-aleksandr-nevski-483932/event.html,http://bg.content.eventim.com/static/uploaded/bg/ntvf_200_200.jpg
Шега в едно действие,Theatro:София,2018-02-17 19:00,http://www.eventim.bg/bg/bileti/sega-v-edno-destvie-sofi-theatro-484025/event.html,http://bg.content.eventim.com/static/uploaded/bg/p2h0_200_200.jpg
ШАМПИОНСКА ГАЛА,"Sports hall ""Arena Armeec"":Sofia",2018-02-17 19:00,http://www.eventim.bg/bg/bileti/sampionska-gala-sofia-sports-hall-arena-armeec-469127/event.html,http://bg.content.eventim.com/static/uploaded/bg/rltp_200_200.jpg
Стефан Вълдобрев и Обичайните заподозрени,Club City Stage:София,2018-02-17 22:00,http://www.eventim.bg/bg/bileti/stefan-bldobrev-obicanite-zapodozreni-sofi-club-city-stage-482463/event.html,http://bg.content.eventim.com/static/uploaded/bg/803q_200_200.jpg
Metropolis pres Heroes Total pt 1,Inter Expo Center:Sofia,2018-02-17 22:00,http://www.eventim.bg/bg/bileti/metropolis-pres-heroes-total-pt-1-sofia-inter-expo-center-482484/event.html,http://bg.content.eventim.com/static/uploaded/bg/3o6q_200_200.jpg
Club Terminal 1 представя : UPSURT LIVE BAND,клуб Терминал 1:София,2018-02-17 22:30,http://www.eventim.bg/bg/bileti/upsurt-live-band-sofi-klub-terminal-1-483667/event.html,http://bg.content.eventim.com/static/uploaded/bg/ih1b_200_200.jpg
Михаела Филева В КЛУБ МАРАКЕШ,Клуб Маракеш:Sofia,2018-02-17 22:30,http://www.eventim.bg/bg/bileti/mihaela-fileva-sofia-klub-marakes-483546/event.html,http://bg.content.eventim.com/static/uploaded/bg/1u34_200_200.jpg
Jeremy? - Live,Sofia Live Club:Sofia,2018-02-17 22:30,http://www.eventim.bg/bg/bileti/jeremy-live-sofia-club-484634/event.html,http://bg.content.eventim.com/static/uploaded/bg/c5cq_200_200.jpg
СМЯХ В ЗАЛАТА,Theatro:София,2018-02-18 19:00,http://www.eventim.bg/bg/bileti/smh-b-zalata-sofi-theatro-478799/event.html,http://bg.content.eventim.com/static/uploaded/bg/5jj5_200_200.jpg
JAMES BOND LIVE IN CONCERT,Bulgaria Hall:Sofia,2018-02-18 19:00,http://www.eventim.bg/bg/bileti/james-bond-live-in-concert-sofia-bulgaria-hall-482886/event.html,http://bg.content.eventim.com/static/uploaded/bg/svt2_200_200.jpg
ГЪЛТАЙ!,"Universitat zu Koln, Hauptgebaude, Aula 2:Koln",2018-02-18 19:00,http://www.eventim.bg/bg/bileti/glta-koln-universitat-zu-hauptgebaude-aula-2-483893/event.html,http://bg.content.eventim.com/static/uploaded/bg/1piz_200_200.jpg
Хоровият концерт през вековете,Bulgaria Hall:Sofia,2018-02-19 19:00,http://www.eventim.bg/bg/bileti/horovit-koncert-prez-vekovete-sofia-bulgaria-hall-483957/event.html,http://bg.content.eventim.com/static/uploaded/bg/a7mo_200_200.jpg
Children in Time - Велико Търново,"Дворец на културата и спорта ""Васил Левски"":Велико Търново",2018-02-20 19:00,http://www.eventim.bg/bg/bileti/children-in-time-beliko-trnovo-dvorec-na-kulturata-i-sporta-basil-levski-482717/event.html,http://bg.content.eventim.com/static/uploaded/bg/d7zs_200_200.jpg
КОЛЕГА,Нов театър НДК:София,2018-02-20 19:00,http://www.eventim.bg/bg/bileti/kolega-sofi-nov-teatr-ndk-484038/event.html,http://bg.content.eventim.com/static/uploaded/bg/8mjp_200_200.jpg
ЖЕНА МИ СЕ КАЗВА БОРИС,Държавна опера Стара Загора:Стара Загора,2018-02-21 19:00,http://www.eventim.bg/bg/bileti/zena-mi-se-kazba-boris-stara-zagora-drzavna-opera-483481/event.html,http://bg.content.eventim.com/static/uploaded/bg/euib_200_200.jpg
АМАДЕУС,Нов театър НДК:София,2018-02-21 19:00,http://www.eventim.bg/bg/bileti/amadeus-sofi-nov-teatr-ndk-484672/event.html,http://bg.content.eventim.com/static/uploaded/bg/ohy2_200_200.jpg
Children in Time - Габрово,Спортна зала Орловец:Габрово,2018-02-21 19:00,http://www.eventim.bg/bg/bileti/children-in-time-gabrovo-sportna-zala-orlovec-482715/event.html,http://bg.content.eventim.com/static/uploaded/bg/t4sn_200_200.jpg
ЛИЛИ ИВАНОВА - Варна,Palace of Culture and Sports:Varna,2018-03-20 20:00,http://www.eventim.bg/bg/bileti/lili-ivanova-2018-plovdiv-ruseruse-pleven-svilengrad-blagoevgrad-236/events.html,http://bg.content.eventim.com/static/uploaded/bg/5e21_300_300.jpg
ЛИЛИ ИВАНОВА - Русе,ARENA RUSE:Ruse,2018-03-22 20:00,http://www.eventim.bg/bg/bileti/lili-ivanova-2018-plovdiv-ruseruse-pleven-svilengrad-blagoevgrad-236/events.html,http://bg.content.eventim.com/static/uploaded/bg/5e21_300_300.jpg
ЛИЛИ ИВАНОВА - Благоевград,"СПОРТНА ЗАЛА ""СКАПТОПАРА"":Blagoevgrad",2018-04-16 20:00,http://www.eventim.bg/bg/bileti/lili-ivanova-2018-plovdiv-ruseruse-pleven-svilengrad-blagoevgrad-236/events.html,http://bg.content.eventim.com/static/uploaded/bg/5e21_300_300.jpg
ЛИЛИ ИВАНОВА - Ботевград,"""Арена Ботевград"":Ботевград",2018-04-18 20:00,http://www.eventim.bg/bg/bileti/lili-ivanova-2018-plovdiv-ruseruse-pleven-svilengrad-blagoevgrad-236/events.html,http://bg.content.eventim.com/static/uploaded/bg/5e21_300_300.jpg
ЛИЛИ ИВАНОВА - Свиленград,Спортна Зала Свиленград:Свиленград,2018-05-10 20:00,http://www.eventim.bg/bg/bileti/lili-ivanova-2018-plovdiv-ruseruse-pleven-svilengrad-blagoevgrad-236/events.html,http://bg.content.eventim.com/static/uploaded/bg/5e21_300_300.jpg
ЛИЛИ ИВАНОВА - Плевен,Летен театър Кайлъка:Плевен,2018-06-22 20:00,http://www.eventim.bg/bg/bileti/lili-ivanova-2018-plovdiv-ruseruse-pleven-svilengrad-blagoevgrad-236/events.html,http://bg.content.eventim.com/static/uploaded/bg/5e21_300_300.jpg
ЛИЛИ ИВАНОВА - София / 25.10.2018,"National Palace of Culture, Hall 1:Sofia",2018-10-25 20:00,http://www.eventim.bg/bg/bileti/lili-ivanova-2018-plovdiv-ruseruse-pleven-svilengrad-blagoevgrad-236/events.html,http://bg.content.eventim.com/static/uploaded/bg/5e21_300_300.jpg
ЛИЛИ ИВАНОВА - София / 26.10.2018,"National Palace of Culture, Hall 1:Sofia",2018-10-26 20:00,http://www.eventim.bg/bg/bileti/lili-ivanova-2018-plovdiv-ruseruse-pleven-svilengrad-blagoevgrad-236/events.html,http://bg.content.eventim.com/static/uploaded/bg/5e21_300_300.jpg
ЛИЛИ ИВАНОВА - София / 27.10.2018,"National Palace of Culture, Hall 1:Sofia",2018-10-27 20:00,http://www.eventim.bg/bg/bileti/lili-ivanova-2018-plovdiv-ruseruse-pleven-svilengrad-blagoevgrad-236/events.html,http://bg.content.eventim.com/static/uploaded/bg/5e21_300_300.jpg
James & Black Band /USA - BG,Sofia Live Club:Sofia,2018-02-21 21:00,http://www.eventim.bg/bg/bileti/james-black-band-usa-bg-sofia-live-club-483809/event.html,http://bg.content.eventim.com/static/uploaded/bg/tqtb_200_200.jpg
Строежа представя: TOM WAITS - Live Tribute,Клуб Строежа:София,2018-02-21 22:30,http://www.eventim.bg/bg/bileti/tom-waits-live-tribute-sofi-klub-stroeza-483842/event.html,http://bg.content.eventim.com/static/uploaded/bg/n53y_200_200.jpg
I. концерт от цикъла Руски приказки II,Bulgaria Hall:Sofia,2018-02-22 19:00,http://www.eventim.bg/bg/bileti/i-koncert-ot-cikla-ruski-prikazki-ii-sofia-bulgaria-hall-483955/event.html,http://bg.content.eventim.com/static/uploaded/bg/l3et_200_200.jpg
Класиците на българската сватбарска музика,Студио 1 на БНР:София,2018-02-22 19:30,http://www.eventim.bg/bg/bileti/klasici-na-blgarskata-svatbarska-muzika-sofi-studio-1-bnr-484649/event.html,http://bg.content.eventim.com/static/uploaded/bg/a210_200_200.jpg
25 ГОДИНИ РАДИО ВЕСЕЛИНА,"Sports hall ""Arena Armeec"":Sofia",2018-02-22 20:00,http://www.eventim.bg/bg/bileti/25-godini-radio-beselina-sofia-sports-hall-arena-armeec-474814/event.html,http://bg.content.eventim.com/static/uploaded/bg/ur8p_200_200.jpg
ДА ХВЪРЛИМ ОПЕРАТА В ДЖАЗА,Sofia Live Club:Sofia,2018-02-22 21:00,http://www.eventim.bg/bg/bileti/da-hbrlim-operata-b-dzaza-sofia-live-club-482880/event.html,http://bg.content.eventim.com/static/uploaded/bg/b463_200_200.jpg
Терминал 1 представя:KREKHAUS JAM,клуб Терминал 1:София,2018-02-22 22:00,http://www.eventim.bg/bg/bileti/terminal-1-predstavkrekhaus-jam-sofi-klub-483826/event.html,http://bg.content.eventim.com/static/uploaded/bg/ih1b_200_200.jpg
Строежа представя : НаКафево!,Клуб Строежа:София,2018-02-22 22:30,http://www.eventim.bg/bg/bileti/stroeza-predstav-nakafevo-sofi-klub-484609/event.html,http://bg.content.eventim.com/static/uploaded/bg/xxdu_200_200.jpg
Adele tribute by Lareena and band,JOY Station:София,2018-02-23 21:45,http://www.eventim.bg/bg/bileti/adele-tribute-by-lareena-and-band-sofi-joy-station-482661/event.html,http://bg.content.eventim.com/static/uploaded/bg/ac87_200_200.jpg
ГЕРИ-НИКОЛ В КЛУБ МАРАКЕШ,Клуб Маракеш:Sofia,2018-02-23 22:30,http://www.eventim.bg/bg/bileti/geri-nikol-sofia-klub-marakes-483637/event.html,http://bg.content.eventim.com/static/uploaded/bg/q9ux_200_200.jpg
Прея & Live Band,Sofia Live Club:Sofia,2018-02-23 23:00,http://www.eventim.bg/bg/bileti/pre-live-band-sofia-club-483393/event.html,http://bg.content.eventim.com/static/uploaded/bg/qc1q_200_200.jpg
Алиса в страната на чудесата,Theatro:София,2018-02-24 14:00,http://www.eventim.bg/bg/bileti/alisa-v-stranata-na-cudesata-sofi-theatro-483851/event.html,http://bg.content.eventim.com/static/uploaded/bg/2s4a_200_200.jpg
Kraftwerk,Љtark Arena:Beograd,2018-02-24 20:00,http://www.eventim.bg/bg/bileti/kraftwerk-beograd-kombank-arena-474451/event.html,http:
AC/CC Show - The best AC/DC live experience,JOY Station:София,2018-02-24 21:45,http://www.eventim.bg/bg/bileti/accc-show-sofi-joy-station-482664/event.html,http://bg.content.eventim.com/static/uploaded/bg/ys5n_200_200.jpg
"Defiant (by AWOL) with  Florian Meindl, Alex Bau, Rob Hes",Universiada Hall:Sofia,2018-02-24 22:00,http://www.eventim.bg/bg/bileti/florian-meindl-alex-bau-rob-hes-sofia-universiada-hall-484597/event.html,http:
Любо Киров LIVE,Клуб Маракеш:Sofia,2018-02-24 22:30,http://www.eventim.bg/bg/bileti/lbo-kirov-sofia-klub-marakes-483638/event.html,http://bg.content.eventim.com/static/uploaded/bg/alqe_200_200.jpg
Terminal 1 Birthday Party - Day 2,клуб Терминал 1:София,2018-02-24 22:30,http://www.eventim.bg/bg/bileti/terminal-1-birthday-party-day-2-sofi-klub-484696/event.html,http://bg.content.eventim.com/static/uploaded/bg/ih1b_200_200.jpg
Приказка за триангъл и концертен орган,Bulgaria Hall:Sofia,2018-02-25 11:30,http://www.eventim.bg/bg/bileti/fortissimo-famili-sezon-5-sofia-bulgaria-hall-475712/event.html,http://bg.content.eventim.com/static/uploaded/bg/pj5o_200_200.jpg
Бетовен девета,Bulgaria Hall:Sofia,2018-03-24 19:00,http://www.eventim.bg/bg/bileti/fortissimo-famili-sezon-5-sofia-bulgaria-hall-475712/event.html,http://bg.content.eventim.com/static/uploaded/bg/pj5o_200_200.jpg
Приказка за валса,Bulgaria Hall:Sofia,2018-04-15 11:30,http://www.eventim.bg/bg/bileti/fortissimo-famili-sezon-5-sofia-bulgaria-hall-475712/event.html,http://bg.content.eventim.com/static/uploaded/bg/pj5o_200_200.jpg
отело,Bulgaria Hall:Sofia,2018-05-27 19:00,http://www.eventim.bg/bg/bileti/fortissimo-famili-sezon-5-sofia-bulgaria-hall-475712/event.html,http://bg.content.eventim.com/static/uploaded/bg/pj5o_200_200.jpg
БЛАГУНИТЕ на живо : ОЩЕ ЕДИН ПРЕКРАСЕН ДЕН,"Открита сцена ""Сълза и смях"":София",2018-02-25 11:30,http://www.eventim.bg/bg/bileti/blagunite-na-zivo-sofi-otkrita-scena-slza-i-smh-472617/event.html,http://bg.content.eventim.com/static/uploaded/bg/nefv_200_200.jpg
Маршрутка,Theatro:София,2018-02-25 19:00,http://www.eventim.bg/bg/bileti/marsrutka-sofi-theatro-475642/event.html,http://bg.content.eventim.com/static/uploaded/bg/un0n_200_200.jpg
CARO EMERALD,Hala sportova Ranko Ћeravica:Novi Beograd,2018-02-27 20:00,http://www.eventim.bg/bg/bileti/caro-emerald-novi-beograd-hala-sportova-ranko-ceravica-469486/event.html,http://bg.content.eventim.com/static/uploaded/bg/o2px_200_200.jpg
KRAFTWERK,Universiada Hall:Sofia,2018-02-28 20:00,http://www.eventim.bg/bg/bileti/kraftwerk-sofia-universiada-hall-476286/event.html,http://bg.content.eventim.com/static/uploaded/bg/m89u_200_200.jpg
Glo Bal Kan projekt,Sofia Live Club:Sofia,2018-03-01 21:00,http://www.eventim.bg/bg/bileti/glo-bal-kan-projekt-sofi-siti-mark-art-centr-482839/event.html,http://bg.content.eventim.com/static/uploaded/bg/3l8t_200_200.jpg
CARO EMERALD,Universiada Hall:Sofia,2018-03-02 20:00,http://www.eventim.bg/bg/artist/caro-emerald--karo-emerald-57/profile.html,http:
Glo Bal Kan projekt,Bee Bop Cafe:Plovdiv,2018-03-02 21:00,http://www.eventim.bg/bg/bileti/glo-bal-kan-projekt-plovdiv-bee-bop-cafe-482835/event.html,http://bg.content.eventim.com/static/uploaded/bg/3l8t_200_200.jpg
RUTH KOLEVA - The Sensual Concert,Sofia Live Club:Sofia,2018-03-02 23:00,http://www.eventim.bg/bg/bileti/ruth-koleva-the-sensual-concert-sofia-live-club-484127/event.html,http://bg.content.eventim.com/static/uploaded/bg/q66p_200_200.jpg
ТЪПАНИ и ГАЙДИ,Sofia Live Club:Sofia,2018-03-03 22:00,http://www.eventim.bg/bg/bileti/tpani-i-gadi-sofia-live-club-483841/event.html,http://bg.content.eventim.com/static/uploaded/bg/nkji_200_200.jpg
TOTO - 40 TRIPS AROUND THE WORLD TOUR,"National Palace of Culture, Hall 1:Sofia",2018-03-04 20:00,http://www.eventim.bg/bg/bileti/toto-sofia-national-palace-of-culture-hall-1-470663/event.html,http://bg.content.eventim.com/static/uploaded/bg/oeqx_200_200.jpg
Conjure: Freedom,Universiada Hall:Sofia,2018-03-04 22:00,http://www.eventim.bg/bg/bileti/conjure-freedom-sofia-universiada-hall-484596/event.html,http:
ISU WJFSC 2018 - All Event ticket without Gala Exhibition,"Sports hall ""Arena Armeec"":Sofia",2018-03-07,http://www.eventim.bg/bg/bileti/isu-wjfs-championships-2018-sofia-sports-hall-arena-armeec-483111/event.html,http://bg.content.eventim.com/static/uploaded/bg/a8m6_200_200.jpg
ISU WJFSC 2018 -  07.03.2018,"Sports hall ""Arena Armeec"":Sofia",2018-03-07 12:00,http://www.eventim.bg/bg/bileti/isu-wjfs-championships-2018-sofia-sports-hall-arena-armeec-483111/event.html,http://bg.content.eventim.com/static/uploaded/bg/a8m6_200_200.jpg
ISU WJFSC 2018 -  08.03.2018,"Sports hall ""Arena Armeec"":Sofia",2018-03-08 11:30,http://www.eventim.bg/bg/bileti/isu-wjfs-championships-2018-sofia-sports-hall-arena-armeec-483111/event.html,http://bg.content.eventim.com/static/uploaded/bg/a8m6_200_200.jpg
ISU WJFSC 2018 -  09.03.2018,"Sports hall ""Arena Armeec"":Sofia",2018-03-09 10:45,http://www.eventim.bg/bg/bileti/isu-wjfs-championships-2018-sofia-sports-hall-arena-armeec-483111/event.html,http://bg.content.eventim.com/static/uploaded/bg/a8m6_200_200.jpg
ISU WJFSC 2018 -  10.03.2018,"Sports hall ""Arena Armeec"":Sofia",2018-03-10 11:00,http://www.eventim.bg/bg/bileti/isu-wjfs-championships-2018-sofia-sports-hall-arena-armeec-483111/event.html,http://bg.content.eventim.com/static/uploaded/bg/a8m6_200_200.jpg
ISU WJFSC 2018 -  Gala Exhibition,"Sports hall ""Arena Armeec"":Sofia",2018-03-11 15:00,http://www.eventim.bg/bg/bileti/isu-wjfs-championships-2018-sofia-sports-hall-arena-armeec-483111/event.html,http://bg.content.eventim.com/static/uploaded/bg/a8m6_200_200.jpg
Saљa Matiж,Љtark Arena:Beograd,2018-03-08 20:00,http://www.eventim.bg/bg/bileti/salja-matiz-beograd-kombank-arena-416104/event.html,http:
ORLIN PAVLOV LIVE BAND | Support by STEPHANE LOVE,Sofia Live Club:Sofia,2018-03-08 22:00,http://www.eventim.bg/bg/bileti/orlin-pavlov-live-band-sofia-club-474889/event.html,http://bg.content.eventim.com/static/uploaded/bg/6k3k_200_200.jpg
МИЛИЦА ГЛАДНИШКА : ДА ХВЪРЛИМ ОПЕРАТА В ДЖАЗА,клуб Терминал 1:София,2018-03-08 22:30,http://www.eventim.bg/bg/bileti/terminal-1-predstav-milica-gladniska-sofi-klub-483214/event.html,http:
ВЕСЕЛИН МАРИНОВ В КЛУБ МАРАКЕШ,Клуб Маракеш:Sofia,2018-03-08 22:30,http://www.eventim.bg/bg/bileti/beselin-marinov-sofia-klub-marakes-483641/event.html,http://bg.content.eventim.com/static/uploaded/bg/bgat_200_200.jpg
Queen Real Tribute,JOY Station:София,2018-03-09 21:45,http://www.eventim.bg/bg/bileti/queen-real-tribute-sofi-joy-station-483343/event.html,http://bg.content.eventim.com/static/uploaded/bg/jjny_200_200.jpg
NIGEL KENNEDY,Palace of Culture and Sports:Varna/Варна,2018-03-10 19:00,http://www.eventim.bg/bg/bileti/nigel-kennedy-varnabarna-palace-of-culture-and-sports-474910/event.html,http://bg.content.eventim.com/static/uploaded/bg/s14l_200_200.jpg
THERION,Club MIXTAPE 5:Sofia,2018-03-10 19:00,http://www.eventim.bg/bg/artist/therion-72/profile.html,http:
"Секс, Наркотици и Рокенрол",VHS Saal Mariahilf:Wien,2018-03-10 19:00,http://www.eventim.bg/bg/bileti/seks-narkotici-i-rokenrol-wien-vhs-saal-mariahilf-480425/event.html,http://bg.content.eventim.com/static/uploaded/bg/rt7o_200_200.jpg
Ostava Acoustic Live – Bee Bop Cafe,Bee Bop Cafe:Plovdiv,2018-03-10 21:30,http://www.eventim.bg/bg/bileti/ostava-live-bee-bop-cafe-plovdiv-483329/event.html,http://bg.content.eventim.com/static/uploaded/bg/2dd3_200_200.jpg
DESPINA VANDI,"National Palace of Culture, Hall 1:Sofia",2018-03-12 20:00,http://www.eventim.bg/bg/artist/despina-vandi--58/profile.html,http:
HALO - HERE I AM - EUROPEAN TOUR IN BULGARIA,Universiada Hall:Sofia,2018-03-13 19:00,http://www.eventim.bg/bg/bileti/halo-sofia-universiada-hall-477160/event.html,http://bg.content.eventim.com/static/uploaded/bg/kn6j_200_200.jpg
IVO DIMCHEV,клуб Терминал 1:София,2018-03-14 22:00,http://www.eventim.bg/bg/bileti/terminal-1-predstav-ivo-dimchev-sofi-klub-483277/event.html,http:
Терминал 1 представя: Linkin Park Live Tribute,клуб Терминал 1:София,2018-03-15 22:00,http://www.eventim.bg/bg/bileti/linkin-park-live-tribute-sofi-klub-terminal-1-482490/event.html,http://bg.content.eventim.com/static/uploaded/bg/5d0b_200_200.jpg
СПЕКТАКЪЛ ЦИГАНКАТА,Кино театър „Освобождение“ СДКТРБ:Sofia,2018-03-17 19:00,http://www.eventim.bg/bg/bileti/spektakl-cigankata-sofia-kino-teatr-osvobozdenie-sdktrb-480272/event.html,http://bg.content.eventim.com/static/uploaded/bg/2khg_200_200.jpg
10 години ЗА НАРОДНОТО ТВОРЧЕСТВО,Palace of Culture and Sports:Varna/Варна,2018-03-17 19:00,http://www.eventim.bg/bg/bileti/10-godini-za-narodnoto-tborcestbo-varnabarna-palace-of-culture-and-sports-476860/event.html,http://bg.content.eventim.com/static/uploaded/bg/5xyo_200_200.jpg
НОЩ НА ЗВЕЗДИТЕ,"Sports hall ""Arena Armeec Sofia"":Sofia",2018-03-17 19:00,http://www.eventim.bg/bg/bileti/spektakul-nosht-na-zvezdite-sofia-sports-hall-arena-armeec-458353/event.html,http://bg.content.eventim.com/static/uploaded/bg/4msy_200_200.jpg
HMSU presents: SHOGUN AUDIO,"ДНК, НДК:Sofia",2018-03-17 22:00,http://www.eventim.bg/bg/bileti/hmsu-presents-shogun-audio-sofia-dnk-ndk-484499/event.html,http:
Любо Киров LIVE,Клуб Маракеш:Sofia,2018-03-17 22:30,http://www.eventim.bg/bg/bileti/lbo-kirov-sofia-klub-marakes-483646/event.html,http://bg.content.eventim.com/static/uploaded/bg/6pzs_200_200.jpg
10 години ЗА НАРОДНОТО ТВОРЧЕСТВО,"National Palace of Culture, Hall 1:Sofia",2018-03-20 20:00,http://www.eventim.bg/bg/bileti/10-godini-za-narodnoto-tborcestbo-sofia-national-palace-of-culture-hall-1-478235/event.html,http://bg.content.eventim.com/static/uploaded/bg/egef_200_200.jpg
Sofia Board Game Weekend,Fabrica 126:Sofia,2018-03-23,http://www.eventim.bg/bg/bileti/sofia-board-game-weekend-fabrica-126-484110/event.html,http://bg.content.eventim.com/static/uploaded/bg/h8z3_200_200.jpg
"Следваща цел: Марс – Бас Лансдорп, CEO, Mars One","Sofia Event Center, Sigma:Sofia",2018-03-23 18:00,http://www.eventim.bg/bg/bileti/sledvaa-cel-mars-sofia-event-center-sigma-481971/event.html,http://bg.content.eventim.com/static/uploaded/bg/k9zi_200_200.jpg
"INSOMNIUM, Tribulation",Club MIXTAPE 5:Sofia,2018-03-23 19:00,http://www.eventim.bg/bg/bileti/insomnium-tribulation-sofia-club-mixtape-5-476887/event.html,http://bg.content.eventim.com/static/uploaded/bg/hdmb_200_200.jpg
LEPA BRENA,"Sports hall ""Arena Armeec"":Sofia",2018-03-23 20:00,http://www.eventim.bg/bg/artist/lepa-brena-55/profile.html,http:
Amy Winehouse tribute by Amy’s House,JOY Station:София,2018-03-23 21:45,http://www.eventim.bg/bg/bileti/amy-winehouse-tribute-by-amys-house-sofi-joy-station-483345/event.html,http://bg.content.eventim.com/static/uploaded/bg/o2zp_200_200.jpg
THE R&B; SECRETS 2 by TOP SHELF MUSIC,Sofia Live Club:Sofia,2018-03-23 22:00,http://www.eventim.bg/bg/bileti/the-rb-secrets-2-by-top-shelf-music-sofia-live-club-484789/event.html,http://bg.content.eventim.com/static/uploaded/bg/6utt_200_200.jpg
ГЕРИ-НИКОЛ В КЛУБ МАРАКЕШ,Клуб Маракеш:Sofia,2018-03-23 22:30,http://www.eventim.bg/bg/bileti/geri-nikol-sofia-klub-marakes-483650/event.html,http://bg.content.eventim.com/static/uploaded/bg/6pd1_200_200.jpg
Мотив: Catalyst,Къщата на София:Sofia,2018-03-24 19:30,http://www.eventim.bg/bg/bileti/motiv-catalyst-sofia-kata-na-sofi-480753/event.html,http://bg.content.eventim.com/static/uploaded/bg/nq89_200_200.jpg
30 години КОНКУРЕНТ,Universiada Hall:Sofia,2018-03-24 20:00,http://www.eventim.bg/bg/bileti/30-godini-konkurent-sofia-universiada-hall-468282/event.html,http://bg.content.eventim.com/static/uploaded/bg/jvi1_200_200.jpg
MIXALIS HATZIGIANNIS,"National Palace of Culture, Hall 1:Sofia",2018-03-24 20:30,http://www.eventim.bg/bg/bileti/mixalis-hatzigiannis-sofia-national-palace-of-culture-hall-1-477601/event.html,http://bg.content.eventim.com/static/uploaded/bg/q4ju_200_200.jpg
ВАСИЛ НАЙДЕНОВ В КЛУБ МАРАКЕШ,Клуб Маракеш:Sofia,2018-03-24 22:30,http://www.eventim.bg/bg/bileti/basil-nadenov-sofia-klub-marakes-483645/event.html,http://bg.content.eventim.com/static/uploaded/bg/qkai_200_200.jpg
"Магична Среща Златна Котка, Габрово 2018","Зала ""Възраждане"" - Габрово:Габрово",2018-03-25 19:00,http://www.eventim.bg/bg/bileti/magicna-srea-zlatna-kotka-gabrovo-2018-zala-bzrazdane-483630/event.html,http://bg.content.eventim.com/static/uploaded/bg/008s_200_200.jpg
MARCUS & MARTINUS,Hala sportova Ranko Ћeravica:Novi Beograd,2018-03-25 19:00,http://www.eventim.bg/bg/bileti/marcus-martinus-novi-beograd-hala-sportova-ranko-ceravica-479166/event.html,http:
LARA FABIAN,"National Palace of Culture, Hall 1:Sofia",2018-03-27 20:00,http://www.eventim.bg/bg/artist/lara-fabian--60/profile.html,http:
Ritmos Negros,Sofia Live Club:Sofia,2018-03-29 21:00,http://www.eventim.bg/bg/bileti/ritmos-negros-sofia-live-club-484917/event.html,http://bg.content.eventim.com/static/uploaded/bg/od41_200_200.jpg
ПАКЕТ - СВЕТОВНА КУПА ПО ХУДОЖЕСТВЕНА ГИМНАСТИКА - ПАКЕТ,"Sports hall ""Arena Armeec"":Sofia",2018-03-30 09:59,http://www.eventim.bg/bg/bileti/sbetobna-kupa-po-hudozestbena-gimnastika-sofia-sports-hall-arena-armeec-483789/event.html,http://bg.content.eventim.com/static/uploaded/bg/581d_200_200.jpg
СВЕТОВНА КУПА ПО ХУДОЖЕСТВЕНА ГИМНАСТИКА - квалификации,"Sports hall ""Arena Armeec"":Sofia",2018-03-30 10:00,http://www.eventim.bg/bg/bileti/sbetobna-kupa-po-hudozestbena-gimnastika-sofia-sports-hall-arena-armeec-483789/event.html,http://bg.content.eventim.com/static/uploaded/bg/581d_200_200.jpg
СВЕТОВНА КУПА ПО ХУДОЖЕСТВЕНА ГИМНАСТИКА - квалификации,"Sports hall ""Arena Armeec"":Sofia",2018-03-31 10:00,http://www.eventim.bg/bg/bileti/sbetobna-kupa-po-hudozestbena-gimnastika-sofia-sports-hall-arena-armeec-483789/event.html,http://bg.content.eventim.com/static/uploaded/bg/581d_200_200.jpg
СВЕТОВНА КУПА ПО ХУДОЖЕСТВЕНА ГИМНАСТИКА - финали,"Sports hall ""Arena Armeec"":Sofia",2018-04-01 10:00,http://www.eventim.bg/bg/bileti/sbetobna-kupa-po-hudozestbena-gimnastika-sofia-sports-hall-arena-armeec-483789/event.html,http://bg.content.eventim.com/static/uploaded/bg/581d_200_200.jpg
ФСБ в Пловдив,Комплекс С.И.Л.А.:Plovdiv,2018-03-31 19:00,http://www.eventim.bg/bg/bileti/fsb-v-plovdiv-kompleks-sila-483885/event.html,http://bg.content.eventim.com/static/uploaded/bg/a8fg_200_200.jpg
СИГНАЛ,JOY Station:София,2018-03-31 21:45,http://www.eventim.bg/bg/bileti/signal-sofi-joy-station-483415/event.html,http://bg.content.eventim.com/static/uploaded/bg/86uu_200_200.jpg
"Стендъп Комеди с Комеди Клуб София, 16 +","National Palace of Culture, Hall 1:Sofia",2018-04-01 20:00,http://www.eventim.bg/bg/bileti/stendp-komedi-s-klub-sofi-sofia-national-palace-of-culture-hall-1-484012/event.html,http://bg.content.eventim.com/static/uploaded/bg/iorv_200_200.jpg
"ENSLAVED, SAMAEL & PARADISE LOST - Комбо",Club MIXTAPE 5:Sofia,2018-04-03,http://www.eventim.bg/bg/bileti/enslaved-samael--paradise-lost-sofia-club-mixtape-5-225/events.html,http://bg.content.eventim.com/static/uploaded/bg/2ih8_300_300.jpg
"ENSLAVED, SAMAEL",Club MIXTAPE 5:Sofia,2018-04-03 19:00,http://www.eventim.bg/bg/bileti/enslaved-samael--paradise-lost-sofia-club-mixtape-5-225/events.html,http://bg.content.eventim.com/static/uploaded/bg/2ih8_300_300.jpg
PARADISE LOST,Club MIXTAPE 5:Sofia,2018-04-04 19:00,http://www.eventim.bg/bg/bileti/enslaved-samael--paradise-lost-sofia-club-mixtape-5-225/events.html,http://bg.content.eventim.com/static/uploaded/bg/2ih8_300_300.jpg
SOFIA RAVE,District Warehouse:Sofia,2018-04-05 16:00,http://www.eventim.bg/bg/bileti/kontrol-by-day-conjure-night-sofia-district-warehouse-483535/event.html,http:
JESUS CHRIST SUPERSTAR,"National Palace of Culture, Hall 1:Sofia",2018-04-05 20:00,http://www.eventim.bg/bg/bileti/jesus-christ-superstar-sofia-national-palace-of-culture-hall-1-476976/event.html,http://bg.content.eventim.com/static/uploaded/bg/f877_200_200.jpg
JESUS CHRIST SUPERSTAR,"National Palace of Culture, Hall 1:Sofia",2018-04-06 20:00,http://www.eventim.bg/bg/bileti/jesus-christ-superstar-sofia-national-palace-of-culture-hall-1-476976/event.html,http://bg.content.eventim.com/static/uploaded/bg/f877_200_200.jpg
JESUS CHRIST SUPERSTAR,"National Palace of Culture, Hall 1:Sofia",2018-04-07 20:00,http://www.eventim.bg/bg/bileti/jesus-christ-superstar-sofia-national-palace-of-culture-hall-1-476976/event.html,http://bg.content.eventim.com/static/uploaded/bg/f877_200_200.jpg
ОСМОТО ЧУДО - Ансамбъл Българе,"""Доходно здание"" - Голяма зала:Ruse",2018-04-12 19:00,http://www.eventim.bg/bg/bileti/osmoto-cudo-ansambl-blgare-ruse-dohodno-zdanie-golma-zala-484318/event.html,http://bg.content.eventim.com/static/uploaded/bg/msye_200_200.jpg
LORD OF THE DANCE - Dangerous Games,"National Palace of Culture, Hall 1:Sofia",2018-04-12 20:00,http://www.eventim.bg/bg/bileti/lord-of-the-dance-sofia-national-palace-culture-hall-1-476389/event.html,http://bg.content.eventim.com/static/uploaded/bg/hsyg_200_200.jpg
ГОРАН БРЕГОВИЧ,"Sports hall ""Arena Armeec"":Sofia",2018-04-13 20:00,http://www.eventim.bg/bg/bileti/goran-bregobic-sofia-sports-hall-arena-armeec-475486/event.html,http://bg.content.eventim.com/static/uploaded/bg/knzo_200_200.jpg
Pink Floyd tribute be Speak Floyd,JOY Station:София,2018-04-13 21:45,http://www.eventim.bg/bg/bileti/pink-floyd-tribute-be-speak-sofi-joy-station-483844/event.html,http://bg.content.eventim.com/static/uploaded/bg/no2q_200_200.jpg
45 години вокална група ТОНИКА,"Sports hall ""Arena Armeec"":Sofia",2018-04-14 20:00,http://www.eventim.bg/bg/bileti/45-godini-vokalna-grupa-tonika-sofia-sports-hall-arena-armeec-471316/event.html,http://bg.content.eventim.com/static/uploaded/bg/1t00_200_200.jpg
ГЛАСОВЕТЕ НА МИЛАНСКАТА СКАЛА,"National Palace of Culture, Hall 1:Sofia",2018-04-14 20:00,http://www.eventim.bg/bg/bileti/glasobete-na-milanskata-skala-sofia-national-palace-of-culture-hall-1-481900/event.html,http://bg.content.eventim.com/static/uploaded/bg/dqsm_200_200.jpg
FOREVER SYLVIE,Palace of Culture and Sports:Varna,2018-04-19 20:00,http://www.eventim.bg/bg/artist/sylvie-vartan-75/profile.html,http:
FOREVER SYLVIE,"National Palace of Culture, Hall 1:Sofia",2018-04-21 20:00,http://www.eventim.bg/bg/artist/sylvie-vartan-75/profile.html,http:
"DARK TRANQUILLITY, Special Guests",Club MIXTAPE 5:Sofia,2018-04-20 19:00,http://www.eventim.bg/bg/bileti/dark-tranquillity-special-guests-sofia-club-mixtape-5-481974/event.html,http://bg.content.eventim.com/static/uploaded/bg/28yb_200_200.jpg
Metallica tribute by Black Metallica,JOY Station:София,2018-04-20 21:45,http://www.eventim.bg/bg/bileti/metallica-tribute-by-black-sofi-joy-station-484008/event.html,http://bg.content.eventim.com/static/uploaded/bg/n50c_200_200.jpg
DILLINJA,Пространство 108:Sofia,2018-04-20 22:00,http://www.eventim.bg/bg/bileti/dillinja-sofia-prostranstvo-108-484004/event.html,http:
"ХИПОДИЛ, КОНТРОЛ, РЕВЮ, НОВА ГЕНЕРАЦИЯ","Sports hall ""Arena Armeec"":Sofia",2018-04-21 17:30,http://www.eventim.bg/bg/bileti/hipodil-kontrol-reb-noba-generaci-sofia-sports-hall-arena-armeec-482446/event.html,http://bg.content.eventim.com/static/uploaded/bg/gorm_200_200.jpg
BORIS GODUNOV,ARENA RUSE:Ruse,2018-04-21 19:00,http://www.eventim.bg/bg/bileti/boris-godunov-ruseruse-arena-ruse-483523/event.html,http://bg.content.eventim.com/static/uploaded/bg/evu4_200_200.jpg
Един концерт на Иво Димчев,Club City Stage:София,2018-04-27 22:00,http://www.eventim.bg/bg/bileti/edin-koncert-na-ivo-dimcev-sofi-club-city-stage-483755/event.html,http://bg.content.eventim.com/static/uploaded/bg/0yxu_200_200.jpg
Aniplay 2018,"Sofia Event Center, Paradise Mall:София",2018-04-28 12:00,http://www.eventim.bg/bg/bileti/aniplay-2018-sofi-sofia-event-center-paradise-mall-476364/event.html,http://bg.content.eventim.com/static/uploaded/bg/539a_200_200.jpg
ОРКЕСТЪР БЕЗ ИМЕ - МЮЗИКЪЛЪТ,"Sports hall ""Arena Armeec"":Sofia",2018-04-28 20:30,http://www.eventim.bg/bg/bileti/orkestr-bez-ime--mziklt-plovdiv-sofia-233/events.html,http://bg.content.eventim.com/static/uploaded/bg/g2uz_300_300.jpg
ОРКЕСТЪР БЕЗ ИМЕ - МЮЗИКЪЛЪТ - Пловдив,Многофункционална спортна зала (колодрум):Пловдив,2018-04-30 20:00,http://www.eventim.bg/bg/bileti/orkestr-bez-ime--mziklt-plovdiv-sofia-233/events.html,http://bg.content.eventim.com/static/uploaded/bg/g2uz_300_300.jpg
Eurosmith / Italy,Club City Stage:София,2018-04-28 22:00,http://www.eventim.bg/bg/bileti/eurosmith-italy-sofi-club-city-stage-484558/event.html,http://bg.content.eventim.com/static/uploaded/bg/ez71_200_200.jpg
ROGER WATERS,"Sports hall ""Arena Armeec"":Sofia",2018-05-04 20:00,http://www.eventim.bg/bg/bileti/roger-waters-sofia-sports-hall-arena-armeec-472986/event.html,http://bg.content.eventim.com/static/uploaded/bg/7rrr_200_200.jpg
TURISAS,Club MIXTAPE 5:Sofia,2018-05-06 19:00,http://www.eventim.bg/bg/bileti/turisas-sofia-club-mixtape-5-482409/event.html,http://bg.content.eventim.com/static/uploaded/bg/igod_200_200.jpg
FOREIGNER - Русе,ARENA RUSE:Ruse,2018-05-08 20:00,http://www.eventim.bg/bg/artist/foreigner--forinr-54/profile.html,http:
FOREIGNER - София,"Sports hall ""Arena Armeec"":Sofia",2018-05-09 20:30,http://www.eventim.bg/bg/artist/foreigner--forinr-54/profile.html,http:
ДЕСИ ДОБРЕВА : Концерт-спектакъл  ЛУДО МЛАДО,"National Palace of Culture, Hall 1:Sofia",2018-05-08 20:00,http://www.eventim.bg/bg/bileti/koncert-spektakl-ludo-mlado-sofia-national-palace-of-culture-hall-1-482411/event.html,http://bg.content.eventim.com/static/uploaded/bg/d3ug_200_200.jpg
AMORE,"National Palace of Culture, Hall 1:Sofia",2018-05-10 20:00,http://www.eventim.bg/bg/bileti/amore-sofia-national-palace-of-culture-hall-1-481908/event.html,http://bg.content.eventim.com/static/uploaded/bg/7cp6_200_200.jpg
БЛАГОТВОРИТЕЛЕН КОНЦЕРТ,"Sports hall ""Arena Armeec"":Sofia",2018-05-11 19:00,http://www.eventim.bg/bg/bileti/blagotboritelen-koncert-sofia-sports-hall-arena-armeec-479911/event.html,http:
LURA,Sofia Live Club:Sofia,2018-05-11 20:00,http://www.eventim.bg/bg/bileti/lura-sofia-live-club-482518/event.html,http:
DOMINIC MILLER LIVE IN SOFIA,Sofia Live Club:Sofia,2018-05-12 21:00,http://www.eventim.bg/bg/bileti/dominic-miller-live-in-sofia-club-484515/event.html,http://bg.content.eventim.com/static/uploaded/bg/54ka_200_200.jpg
SCOTT BRADLEE'S POSTMODERN JUKEBOX,"National Palace of Culture, Hall 1:Sofia",2018-05-15 20:00,http://www.eventim.bg/bg/bileti/scott-bradlees-postmodern-jukebox-sofia-national-palace-of-culture-hall-1-471922/event.html,http://bg.content.eventim.com/static/uploaded/bg/g2y5_200_200.jpg
Концерт на Томас Хемпсън,Bulgaria Hall:Sofia,2018-05-16 19:00,http://www.eventim.bg/bg/bileti/koncert-na-tomas-hempsn-sofia-bulgaria-hall-476835/event.html,http://bg.content.eventim.com/static/uploaded/bg/qj6x_200_200.jpg
Камен Донев представя: МАКЕДОНСКИ ПЕСНИ,"National Palace of Culture, Hall 1:Sofia",2018-05-19 20:00,http://www.eventim.bg/bg/bileti/kamen-donev-predstav-makedonski-pesni-sofia-national-palace-of-culture-hall-1-481598/event.html,http://bg.content.eventim.com/static/uploaded/bg/lok2_200_200.jpg
MAMMA-MIA tribute show to ABBA!,Sofia Live Club:Sofia,2018-05-19 20:00,http://www.eventim.bg/bg/bileti/mamma-mia-tribute-show-to-abba-sofia-live-club-480335/event.html,http://bg.content.eventim.com/static/uploaded/bg/bxxj_200_200.jpg
Хепи Ленд Мюзик Фест - 2 DAYS TICKET,Парк Хепи Ленд:с. Равна Гора,2018-05-25,http://www.eventim.bg/bg/bileti/hepi-lend-mzik-fest-s-ravna-gora-park-480393/event.html,http://bg.content.eventim.com/static/uploaded/bg/8bmc_200_200.jpg
Хепи Ленд Мюзик Фест - 25 май 2018,Парк Хепи Ленд:с. Равна Гора,2018-05-25 19:00,http://www.eventim.bg/bg/bileti/hepi-lend-mzik-fest-s-ravna-gora-park-480393/event.html,http://bg.content.eventim.com/static/uploaded/bg/8bmc_200_200.jpg
Хепи Ленд Мюзик Фест - 26 май 2018,Парк Хепи Ленд:с. Равна Гора,2018-05-26 19:00,http://www.eventim.bg/bg/bileti/hepi-lend-mzik-fest-s-ravna-gora-park-480393/event.html,http://bg.content.eventim.com/static/uploaded/bg/8bmc_200_200.jpg
GOGOL BORDELLO - LIVE IN SOFIA,"Inter Expo Center, Hall 4:Sofia",2018-05-30 20:00,http://www.eventim.bg/bg/bileti/gogol-bordello-sofia-inter-expo-center-hall-5-481406/event.html,http://bg.content.eventim.com/static/uploaded/bg/jttm_200_200.jpg
ГРАФА - Пловдив,Ancient Theatre Plovdiv:Plovdiv,2018-05-31 20:00,http://www.eventim.bg/bg/bileti/grafa-turne-2018-burgas-sofia-plovdiv-barna-212/events.html,http://bg.content.eventim.com/static/uploaded/bg/vox0_300_300.jpg
ГРАФА - Бургас,Летен театър Бургас:Бургас,2018-06-04 20:00,http://www.eventim.bg/bg/bileti/grafa-turne-2018-burgas-sofia-plovdiv-barna-212/events.html,http://bg.content.eventim.com/static/uploaded/bg/vox0_300_300.jpg
ГРАФА - Варна,Летен театър Варна:Варна,2018-06-05 20:00,http://www.eventim.bg/bg/bileti/grafa-turne-2018-burgas-sofia-plovdiv-barna-212/events.html,http://bg.content.eventim.com/static/uploaded/bg/vox0_300_300.jpg
ГРАФА,"National Palace of Culture, Hall 1:Sofia",2018-11-27 20:00,http://www.eventim.bg/bg/bileti/grafa-turne-2018-burgas-sofia-plovdiv-barna-212/events.html,http://bg.content.eventim.com/static/uploaded/bg/vox0_300_300.jpg
JORN,Летен Театър при Военен клуб:Русе,2018-06-02 19:00,http://www.eventim.bg/bg/bileti/jorn-ruse-leten-teatr-pri-boenen-klub-481215/event.html,http://bg.content.eventim.com/static/uploaded/bg/2snb_200_200.jpg
Katy Perry,Wiener Stadthalle Halle D:Wien,2018-06-04 19:30,http://www.eventim.bg/bg/artist/katy-parry-67/profile.html,http:
DAVID GARRETT,"Sports hall ""Arena Armeec"":Sofia",2018-06-06 20:00,http://www.eventim.bg/bg/bileti/david-garrett-sofia-sports-hall-arena-armeec-480362/event.html,http:
John Owen-Jones + Live Orchestra,"National Palace of Culture, Hall 1:Sofia",2018-06-15 20:00,http://www.eventim.bg/bg/bileti/john-owen-jones-live-orchestra-sofia-national-palace-of-culture-hall-1-483425/event.html,http://bg.content.eventim.com/static/uploaded/bg/ajuc_200_200.jpg
Мeta Meta -Brazilian Fusion Live in Sofia for the First Time,Sofia Live Club:Sofia,2018-06-15 21:00,http://www.eventim.bg/bg/bileti/meta-brazilian-fusion-live-sofia-club-482753/event.html,http:
STING - 19.06.2018,Ancient Theatre Plovdiv:Plovdiv,2018-06-19 20:00,http://www.eventim.bg/bg/bileti/sting--plovdiv-235/events.html,http://bg.content.eventim.com/static/uploaded/bg/oohu_300_300.jpg
STING - 20.06.2018,Ancient Theatre Plovdiv:Plovdiv,2018-06-20 20:00,http://www.eventim.bg/bg/bileti/sting--plovdiv-235/events.html,http://bg.content.eventim.com/static/uploaded/bg/oohu_300_300.jpg
STING - Диск,Албум:.,2018-06-20 20:00,http://www.eventim.bg/bg/bileti/sting--plovdiv-235/events.html,http://bg.content.eventim.com/static/uploaded/bg/oohu_300_300.jpg
LILI IVANOVA - Milano,TEATRO CARCANO:Milan,2018-06-30 20:30,http://www.eventim.bg/bg/artist/lili-ivanova-2/profile.html,http:
HILLS OF ROCK 2018 - 2 days ticket,PLOVDIV ROWING CANAL:Plovdiv,2018-07-20,http://www.eventim.bg/bg/bileti/hills-of-rock-2018-plovdiv-plovdiv-rowing-canal-232/events.html,http://bg.content.eventim.com/static/uploaded/bg/qg47_300_300.jpg
HILLS OF ROCK + IRON MAIDEN- комбиниран билет,PLOVDIV ROWING CANAL:Plovdiv,2018-07-20,http://www.eventim.bg/bg/bileti/hills-of-rock-2018-plovdiv-plovdiv-rowing-canal-232/events.html,http://bg.content.eventim.com/static/uploaded/bg/qg47_300_300.jpg
HILLS OF ROCK + IRON MAIDEN- комбиниран билет,PLOVDIV ROWING CANAL:Plovdiv,2018-07-20,http://www.eventim.bg/bg/artist/iron-maiden-74/profile.html,http:
IRON MAIDEN - HILLS OF ROCK,PLOVDIV ROWING CANAL:Plovdiv,2018-07-22 17:00,http://www.eventim.bg/bg/artist/iron-maiden-74/profile.html,http:
Ed Sheeran,Ernst Happel Stadion:Wien,2018-08-07 18:00,http://www.eventim.bg/bg/artist/ed-sheeran-48/profile.html,http:
Ed Sheeran - Zusatzshow,Ernst Happel Stadion:Wien,2018-08-08 18:00,http://www.eventim.bg/bg/artist/ed-sheeran-48/profile.html,http:
Aniventure Comic Con - 2 DAYS PASS,Inter Expo Center:Sofia,2018-09-15,http://www.eventim.bg/bg/bileti/aniventure-comic-con-2018-sofia-inter-expo-center-479112/event.html,http://bg.content.eventim.com/static/uploaded/bg/bi8g_200_200.jpg
Aniventure Comic Con - ULTRA,Inter Expo Center:Sofia,2018-09-15,http://www.eventim.bg/bg/bileti/aniventure-comic-con-2018-sofia-inter-expo-center-479112/event.html,http://bg.content.eventim.com/static/uploaded/bg/bi8g_200_200.jpg
SONS OF APOLLO,Ancient Theatre Plovdiv:Plovdiv,2018-09-22 19:00,http://www.eventim.bg/bg/bileti/sons-of-apollo-plovdiv-ancient-theatre-480430/event.html,http://bg.content.eventim.com/static/uploaded/bg/ad51_200_200.jpg
Spartacus fighting championship 7,"Sports hall ""Arena Armeec"":Sofia",2018-10-13 18:00,http://www.eventim.bg/bg/bileti/spartacus-fighting-championship-7-sofia-sports-hall-arena-armeec-484052/event.html,http://bg.content.eventim.com/static/uploaded/bg/1y19_200_200.jpg
ANNIHILATOR,JOY Station:София,2018-11-18 20:00,http://www.eventim.bg/bg/bileti/annihilator-sofi-joy-station-481247/event.html,http://bg.content.eventim.com/static/uploaded/bg/2e7q_200_200.jpg
За 5-ти път в Арена Армеец - ЗА СВАТБИТЕ! КАМЕН ДОНЕВ - 2018,"Sports hall ""Arena Armeec"":Sofia",2018-12-16 19:00,http://www.eventim.bg/bg/bileti/kamen-doneb-i-boban-markovic-sofia-sports-hall-arena-armeec-479109/event.html,http://bg.content.eventim.com/static/uploaded/bg/5kb3_200_200.jpg
ВАУЧЕР ПОДАРЪК,:,,http://www.eventim.bg/bg/bileti/baucer-sofi-277053/event.html,http://bg.content.eventim.com/static/uploaded/bg/u2r8_200_200.JPG
